[
    {
        "id": 1,
        "title": "Rapid Growth, Done Right",
        "author": "Val Wright",
        "time": "12",
        "category": "Entrepreneurship",
        "image": "https://images.blinkist.io/images/books/610d2ea66cee070007427619/1_1/470.jpg"
    },
    {
        "id": 2,
        "title": "Resilient",
        "author": "Sevetri Wilson",
        "time": "15",
        "category": "Entrepreneurship",
        "image": "https://images.blinkist.io/images/books/60c864126cee070007f8b320/1_1/470.jpg"
    },
    {
        "id": 3,
        "title": "Steve Jobs",
        "author": "Walter Isaacson",
        "time": "19",
        "category": "Entrepreneurship",
        "image": "https://images.blinkist.com/images/books/608a9c296cee070007228a21/1_1/470.jpg"
    },
    {
        "id": 4,
        "title": "Rare Breed",
        "author": "Sunny Bonnell and Ashleigh Hansberger",
        "time": "13",
        "category": "Entrepreneurship",
        "image": "https://images.blinkist.io/images/books/5f359f7e6cee0700065032a6/1_1/470.jpg"
    },
    {
        "id": 5,
        "title": "Buffettology",
        "author": "Mary Buffett",
        "time": "12",
        "category": "Finance",
        "image": "https://images.blinkist.io/images/books/610d2bf66cee070007ec87e7/1_1/470.jpg"
    },
    {
        "id": 6,
        "title": "The Promise of Bitcoin",
        "author": "Bobby C. Lee",
        "time": "15",
        "category": "Finance",
        "image": "https://images.blinkist.io/images/books/610104156cee070008712fbf/1_1/470.jpg"
    },
    {
        "id": 7,
        "title": "Financial Freedom",
        "author": "Grant Sabatier",
        "time": "15",
        "category": "Finance",
        "image": "https://images.blinkist.io/images/books/5ef5f7f06cee0700068b1fe8/1_1/470.jpg"
    },
    {
        "id": 8,
        "title": "The Last Safe Investment",
        "author": "Michael Ellsberg and Bryan Franklin",
        "time": "15",
        "category": "Finance",
        "image": "https://images.blinkist.io/images/books/5f10c8936cee0700066c458c/1_1/470.jpg"
    },
    {
        "id": 9,
        "title": "The New Breed",
        "author": "Kate Darling",
        "time": "12",
        "category": "Technology",
        "image": "https://images.blinkist.io/images/books/610d2aa76cee0700074275e9/1_1/470.jpg"
    },
    {
        "id": 10,
        "title": "Genius Makers",
        "author": "Cade Metz",
        "time": "15",
        "category": "Technology",
        "image": "https://images.blinkist.io/images/books/60f141816cee070007faab42/1_1/470.jpg"
    },
    {
        "id": 11,
        "title": "How to Future",
        "author": "Scott Smith with Madeline Ashby",
        "time": "15",
        "category": "Technology",
        "image": "https://images.blinkist.io/images/books/6082c2056cee0700072c7d28/1_1/470.jpg"
    },
    {
        "id": 12,
        "title": "2030",
        "author": "Mauro F. Guillén",
        "time": "15",
        "category": "Technology",
        "image": "https://images.blinkist.io/images/books/5f8028cf6cee07000646ad16/1_1/470.jpg"
    }
]