[
    {
        "category":"Entrepreneurship",
        "image":"https://static.thenounproject.com/png/1598986-200.png"
    },
    {
        "category":"Technology",
        "image":"https://static.thenounproject.com/png/1598986-200.png"
    },
    {
        "category":"Finance",
        "image":"https://static.thenounproject.com/png/1598986-200.png"
    },
    {
        "category":"Politics",
        "image":"https://static.thenounproject.com/png/1598986-200.png"
    },
    {
        "category":"Marketing",
        "image":"https://static.thenounproject.com/png/1598986-200.png"
    },
    {
        "category":"Science",
        "image":"https://static.thenounproject.com/png/1598986-200.png"
    },
    {
        "category":"History",
        "image":"https://static.thenounproject.com/png/1598986-200.png"
    },
    {
        "category":"Economics",
        "image":"https://static.thenounproject.com/png/1598986-200.png"
    },
    {
        "category":"Autobiography",
        "image":"https://static.thenounproject.com/png/1598986-200.png"
    },
    {
        "category":"Psychology",
        "image":"https://static.thenounproject.com/png/1598986-200.png"
    },
    {
        "category":"Career",
        "image":"https://static.thenounproject.com/png/1598986-200.png"
    },
    {
        "category":"Education",
        "image":"https://static.thenounproject.com/png/1598986-200.png"
    },
    {
        "category":"Creativity",
        "image":"https://static.thenounproject.com/png/1598986-200.png"
    },
    {
        "category":"Philosophy",
        "image":"https://static.thenounproject.com/png/1598986-200.png"
    },
    {
        "category":"Productivity",
        "image":"https://static.thenounproject.com/png/1598986-200.png"
    },
    {
        "category":"Nature",
        "image":"https://static.thenounproject.com/png/1598986-200.png"
    },
    {
        "category":"Society",
        "image":"https://static.thenounproject.com/png/1598986-200.png"
    }
]